<?xml version="1.0" encoding="utf-8" standalone="yes"?>
<rss version="2.0" xmlns:atom="http://www.w3.org/2005/Atom">
  <channel>
    <title>Data Engineering on Chionesu By Design</title>
    <link>/categories/data-engineering/</link>
    <description>Recent content in Data Engineering on Chionesu By Design</description>
    <generator>Hugo -- gohugo.io</generator>
    <language>en-us</language>
    <lastBuildDate>Sat, 21 Oct 2023 00:00:00 +0000</lastBuildDate><atom:link href="/categories/data-engineering/index.xml" rel="self" type="application/rss+xml" />
    <item>
      <title>Dataset Design and Temporal Concurrency, Prologue</title>
      <link>/post/dataset-design-and-temporal-concurrency-prologue/</link>
      <pubDate>Sat, 21 Oct 2023 00:00:00 +0000</pubDate>
      
      <guid>/post/dataset-design-and-temporal-concurrency-prologue/</guid>
      <description>Updated 2023-10-23 20:22:17
Introduction Numerous articles have been published centered on data engineering and using data to satisfy a business inquiries. Best practices, techniques, and technology are inescapable concepts one will encounter. What I’d like to present are some design concepts drawn from my own experience specifically dealing with the time-centric aspects of data engineering in the context of deconstructing analytic problem statements.
This article serves as the introduction to a short series articles drawing from my experiences as a data practitioner, specifically focusing on lessons I’ve learned in dealing with temporal co-occurrence.</description>
    </item>
    
  </channel>
</rss>
