<?xml version="1.0" encoding="utf-8" standalone="yes"?>
<rss version="2.0" xmlns:atom="http://www.w3.org/2005/Atom">
  <channel>
    <title>Tags on Chionesu By Design</title>
    <link>/tags/</link>
    <description>Recent content in Tags on Chionesu By Design</description>
    <generator>Hugo -- gohugo.io</generator>
    <language>en-us</language>
    <lastBuildDate>Sat, 21 Oct 2023 00:00:00 +0000</lastBuildDate><atom:link href="/tags/index.xml" rel="self" type="application/rss+xml" />
    <item>
      <title>analytics</title>
      <link>/tags/analytics/</link>
      <pubDate>Sat, 21 Oct 2023 00:00:00 +0000</pubDate>
      
      <guid>/tags/analytics/</guid>
      <description></description>
    </item>
    
    <item>
      <title>data</title>
      <link>/tags/data/</link>
      <pubDate>Sat, 21 Oct 2023 00:00:00 +0000</pubDate>
      
      <guid>/tags/data/</guid>
      <description></description>
    </item>
    
    <item>
      <title>engineering</title>
      <link>/tags/engineering/</link>
      <pubDate>Sat, 21 Oct 2023 00:00:00 +0000</pubDate>
      
      <guid>/tags/engineering/</guid>
      <description></description>
    </item>
    
    <item>
      <title>semantics</title>
      <link>/tags/semantics/</link>
      <pubDate>Sat, 21 Oct 2023 00:00:00 +0000</pubDate>
      
      <guid>/tags/semantics/</guid>
      <description></description>
    </item>
    
    <item>
      <title>time</title>
      <link>/tags/time/</link>
      <pubDate>Sat, 21 Oct 2023 00:00:00 +0000</pubDate>
      
      <guid>/tags/time/</guid>
      <description></description>
    </item>
    
    <item>
      <title>central tendency</title>
      <link>/tags/central-tendency/</link>
      <pubDate>Sun, 06 Aug 2023 00:00:00 +0000</pubDate>
      
      <guid>/tags/central-tendency/</guid>
      <description></description>
    </item>
    
    <item>
      <title>distributions</title>
      <link>/tags/distributions/</link>
      <pubDate>Sun, 06 Aug 2023 00:00:00 +0000</pubDate>
      
      <guid>/tags/distributions/</guid>
      <description></description>
    </item>
    
    <item>
      <title>statistics</title>
      <link>/tags/statistics/</link>
      <pubDate>Sun, 06 Aug 2023 00:00:00 +0000</pubDate>
      
      <guid>/tags/statistics/</guid>
      <description></description>
    </item>
    
  </channel>
</rss>
