<?xml version="1.0" encoding="utf-8" standalone="yes"?>
<rss version="2.0" xmlns:atom="http://www.w3.org/2005/Atom">
  <channel>
    <title>Categories on Chionesu By Design</title>
    <link>/categories/</link>
    <description>Recent content in Categories on Chionesu By Design</description>
    <generator>Hugo -- gohugo.io</generator>
    <language>en-us</language>
    <lastBuildDate>Sat, 21 Oct 2023 00:00:00 +0000</lastBuildDate><atom:link href="/categories/index.xml" rel="self" type="application/rss+xml" />
    <item>
      <title>Data Engineering</title>
      <link>/categories/data-engineering/</link>
      <pubDate>Sat, 21 Oct 2023 00:00:00 +0000</pubDate>
      
      <guid>/categories/data-engineering/</guid>
      <description></description>
    </item>
    
    <item>
      <title>Methodology</title>
      <link>/categories/methodology/</link>
      <pubDate>Sat, 21 Oct 2023 00:00:00 +0000</pubDate>
      
      <guid>/categories/methodology/</guid>
      <description></description>
    </item>
    
    <item>
      <title>Theory</title>
      <link>/categories/theory/</link>
      <pubDate>Sat, 21 Oct 2023 00:00:00 +0000</pubDate>
      
      <guid>/categories/theory/</guid>
      <description></description>
    </item>
    
  </channel>
</rss>
