<?xml version="1.0" encoding="utf-8" standalone="yes"?>
<rss version="2.0" xmlns:atom="http://www.w3.org/2005/Atom">
  <channel>
    <title>distributions on Chionesu By Design</title>
    <link>/tags/distributions/</link>
    <description>Recent content in distributions on Chionesu By Design</description>
    <generator>Hugo -- gohugo.io</generator>
    <language>en-us</language>
    <lastBuildDate>Sun, 06 Aug 2023 00:00:00 +0000</lastBuildDate><atom:link href="/tags/distributions/index.xml" rel="self" type="application/rss+xml" />
    <item>
      <title>Measurements of Scale, Part Two</title>
      <link>/post/measurements-of-scale-part-two/</link>
      <pubDate>Sun, 06 Aug 2023 00:00:00 +0000</pubDate>
      
      <guid>/post/measurements-of-scale-part-two/</guid>
      <description>Updated 2023-10-23 20:22:12
References
Nominal, Ordinal, Interval, and Ratio Scales (Statistics by Jim)
Scales of Measurement (Byju’s Learning)
Level of Measurement (Wikipedia)
Levels of Measurement (Scribbr)
And we’re back!
Be sure to check out Measurements of Scale part one, here. Now, we’ll tackle interval and ratio measurements.
Warning: This entry is considerably longer than Part One. If you suffer from TL;DR, please use the “back” button to return to safety.</description>
    </item>
    
    <item>
      <title>Measurements of Scale, Part One</title>
      <link>/post/measurements-of-scale-part-one/</link>
      <pubDate>Thu, 27 Jul 2023 00:00:00 +0000</pubDate>
      
      <guid>/post/measurements-of-scale-part-one/</guid>
      <description>Updated 2023-10-23 20:22:10
References
Nominal, Ordinal, Interval, and Ratio Scales (Statistics by Jim) Scales of Measurement (Byju’s Learning) Level of Measurement (Wikipedia) A good understanding of measurements of scale (MoS) is essential in both metric design as well as conducting analytics in order to avoid misapplying mathematical operations to the wrong input type leading to misleading or incorrect inferences. References are provided above, so I leave the reader to … well, read.</description>
    </item>
    
    <item>
      <title>Distributions and Some &#34;Mean&#34; Advice</title>
      <link>/post/distributions-and-some-mean-advice/</link>
      <pubDate>Sat, 15 Jul 2023 00:00:00 +0000</pubDate>
      
      <guid>/post/distributions-and-some-mean-advice/</guid>
      <description>Updated 2023-10-23 20:22:06
Focal Thoughts:
Simply reporting a measure of central tendency presents an incomplete picture of the data under study Choosing the wrong “mean” can mean trouble The values in a dataset should not be interpreted apart from the real-world elements they encode Average Value: Is it Informative? Inevitably, in reading anything involving reported statistics, the average value of some measurement will be reported. What exactly is being reported? Simply put, the “center” of observed values.</description>
    </item>
    
  </channel>
</rss>
